./dataset/train/100_image.jpg,./dataset/trainseglabel/100_image.png,./dataset/trainstemlabel/100_image.png
./dataset/train/10_image.jpg,./dataset/trainseglabel/10_image.png,./dataset/trainstemlabel/10_image.png
./dataset/train/110_image.jpg,./dataset/trainseglabel/110_image.png,./dataset/trainstemlabel/110_image.png
./dataset/train/120_image.jpg,./dataset/trainseglabel/120_image.png,./dataset/trainstemlabel/120_image.png
./dataset/train/130_image.jpg,./dataset/trainseglabel/130_image.png,./dataset/trainstemlabel/130_image.png
./dataset/train/140_image.jpg,./dataset/trainseglabel/140_image.png,./dataset/trainstemlabel/140_image.png
./dataset/train/150_image.jpg,./dataset/trainseglabel/150_image.png,./dataset/trainstemlabel/150_image.png
./dataset/train/160_image.jpg,./dataset/trainseglabel/160_image.png,./dataset/trainstemlabel/160_image.png
./dataset/train/170_image.jpg,./dataset/trainseglabel/170_image.png,./dataset/trainstemlabel/170_image.png
./dataset/train/180_image.jpg,./dataset/trainseglabel/180_image.png,./dataset/trainstemlabel/180_image.png
./dataset/train/190_image.jpg,./dataset/trainseglabel/190_image.png,./dataset/trainstemlabel/190_image.png
./dataset/train/200_image.jpg,./dataset/trainseglabel/200_image.png,./dataset/trainstemlabel/200_image.png
./dataset/train/20_image.jpg,./dataset/trainseglabel/20_image.png,./dataset/trainstemlabel/20_image.png
./dataset/train/210_image.jpg,./dataset/trainseglabel/210_image.png,./dataset/trainstemlabel/210_image.png
./dataset/train/220_image.jpg,./dataset/trainseglabel/220_image.png,./dataset/trainstemlabel/220_image.png
./dataset/train/230_image.jpg,./dataset/trainseglabel/230_image.png,./dataset/trainstemlabel/230_image.png
./dataset/train/240_image.jpg,./dataset/trainseglabel/240_image.png,./dataset/trainstemlabel/240_image.png
./dataset/train/250_image.jpg,./dataset/trainseglabel/250_image.png,./dataset/trainstemlabel/250_image.png
./dataset/train/260_image.jpg,./dataset/trainseglabel/260_image.png,./dataset/trainstemlabel/260_image.png
./dataset/train/270_image.jpg,./dataset/trainseglabel/270_image.png,./dataset/trainstemlabel/270_image.png
./dataset/train/280_image.jpg,./dataset/trainseglabel/280_image.png,./dataset/trainstemlabel/280_image.png
./dataset/train/290_image.jpg,./dataset/trainseglabel/290_image.png,./dataset/trainstemlabel/290_image.png
./dataset/train/300_image.jpg,./dataset/trainseglabel/300_image.png,./dataset/trainstemlabel/300_image.png
./dataset/train/30_image.jpg,./dataset/trainseglabel/30_image.png,./dataset/trainstemlabel/30_image.png
./dataset/train/310_image.jpg,./dataset/trainseglabel/310_image.png,./dataset/trainstemlabel/310_image.png
./dataset/train/320_image.jpg,./dataset/trainseglabel/320_image.png,./dataset/trainstemlabel/320_image.png
./dataset/train/330_image.jpg,./dataset/trainseglabel/330_image.png,./dataset/trainstemlabel/330_image.png
./dataset/train/340_image.jpg,./dataset/trainseglabel/340_image.png,./dataset/trainstemlabel/340_image.png
./dataset/train/350_image.jpg,./dataset/trainseglabel/350_image.png,./dataset/trainstemlabel/350_image.png
./dataset/train/360_image.jpg,./dataset/trainseglabel/360_image.png,./dataset/trainstemlabel/360_image.png
./dataset/train/370_image.jpg,./dataset/trainseglabel/370_image.png,./dataset/trainstemlabel/370_image.png
./dataset/train/380_image.jpg,./dataset/trainseglabel/380_image.png,./dataset/trainstemlabel/380_image.png
./dataset/train/390_image.jpg,./dataset/trainseglabel/390_image.png,./dataset/trainstemlabel/390_image.png
./dataset/train/400_image.jpg,./dataset/trainseglabel/400_image.png,./dataset/trainstemlabel/400_image.png
./dataset/train/40_image.jpg,./dataset/trainseglabel/40_image.png,./dataset/trainstemlabel/40_image.png
./dataset/train/50_image.jpg,./dataset/trainseglabel/50_image.png,./dataset/trainstemlabel/50_image.png
./dataset/train/60_image.jpg,./dataset/trainseglabel/60_image.png,./dataset/trainstemlabel/60_image.png
./dataset/train/70_image.jpg,./dataset/trainseglabel/70_image.png,./dataset/trainstemlabel/70_image.png
./dataset/train/80_image.jpg,./dataset/trainseglabel/80_image.png,./dataset/trainstemlabel/80_image.png
./dataset/train/90_image.jpg,./dataset/trainseglabel/90_image.png,./dataset/trainstemlabel/90_image.png
./dataset/train/101_image.jpg,./dataset/trainseglabel/101_image.png,./dataset/trainstemlabel/101_image.png
./dataset/train/111_image.jpg,./dataset/trainseglabel/111_image.png,./dataset/trainstemlabel/111_image.png
./dataset/train/11_image.jpg,./dataset/trainseglabel/11_image.png,./dataset/trainstemlabel/11_image.png
./dataset/train/121_image.jpg,./dataset/trainseglabel/121_image.png,./dataset/trainstemlabel/121_image.png
./dataset/train/131_image.jpg,./dataset/trainseglabel/131_image.png,./dataset/trainstemlabel/131_image.png
./dataset/train/141_image.jpg,./dataset/trainseglabel/141_image.png,./dataset/trainstemlabel/141_image.png
./dataset/train/151_image.jpg,./dataset/trainseglabel/151_image.png,./dataset/trainstemlabel/151_image.png
./dataset/train/161_image.jpg,./dataset/trainseglabel/161_image.png,./dataset/trainstemlabel/161_image.png
./dataset/train/171_image.jpg,./dataset/trainseglabel/171_image.png,./dataset/trainstemlabel/171_image.png
./dataset/train/181_image.jpg,./dataset/trainseglabel/181_image.png,./dataset/trainstemlabel/181_image.png
./dataset/train/191_image.jpg,./dataset/trainseglabel/191_image.png,./dataset/trainstemlabel/191_image.png
./dataset/train/1_image.jpg,./dataset/trainseglabel/1_image.png,./dataset/trainstemlabel/1_image.png
./dataset/train/201_image.jpg,./dataset/trainseglabel/201_image.png,./dataset/trainstemlabel/201_image.png
./dataset/train/211_image.jpg,./dataset/trainseglabel/211_image.png,./dataset/trainstemlabel/211_image.png
./dataset/train/21_image.jpg,./dataset/trainseglabel/21_image.png,./dataset/trainstemlabel/21_image.png
./dataset/train/221_image.jpg,./dataset/trainseglabel/221_image.png,./dataset/trainstemlabel/221_image.png
./dataset/train/231_image.jpg,./dataset/trainseglabel/231_image.png,./dataset/trainstemlabel/231_image.png
./dataset/train/241_image.jpg,./dataset/trainseglabel/241_image.png,./dataset/trainstemlabel/241_image.png
./dataset/train/251_image.jpg,./dataset/trainseglabel/251_image.png,./dataset/trainstemlabel/251_image.png
./dataset/train/261_image.jpg,./dataset/trainseglabel/261_image.png,./dataset/trainstemlabel/261_image.png
./dataset/train/271_image.jpg,./dataset/trainseglabel/271_image.png,./dataset/trainstemlabel/271_image.png
./dataset/train/281_image.jpg,./dataset/trainseglabel/281_image.png,./dataset/trainstemlabel/281_image.png
./dataset/train/291_image.jpg,./dataset/trainseglabel/291_image.png,./dataset/trainstemlabel/291_image.png
./dataset/train/301_image.jpg,./dataset/trainseglabel/301_image.png,./dataset/trainstemlabel/301_image.png
./dataset/train/311_image.jpg,./dataset/trainseglabel/311_image.png,./dataset/trainstemlabel/311_image.png
./dataset/train/31_image.jpg,./dataset/trainseglabel/31_image.png,./dataset/trainstemlabel/31_image.png
./dataset/train/321_image.jpg,./dataset/trainseglabel/321_image.png,./dataset/trainstemlabel/321_image.png
./dataset/train/331_image.jpg,./dataset/trainseglabel/331_image.png,./dataset/trainstemlabel/331_image.png
./dataset/train/341_image.jpg,./dataset/trainseglabel/341_image.png,./dataset/trainstemlabel/341_image.png
./dataset/train/351_image.jpg,./dataset/trainseglabel/351_image.png,./dataset/trainstemlabel/351_image.png
./dataset/train/361_image.jpg,./dataset/trainseglabel/361_image.png,./dataset/trainstemlabel/361_image.png
./dataset/train/371_image.jpg,./dataset/trainseglabel/371_image.png,./dataset/trainstemlabel/371_image.png
./dataset/train/381_image.jpg,./dataset/trainseglabel/381_image.png,./dataset/trainstemlabel/381_image.png
./dataset/train/391_image.jpg,./dataset/trainseglabel/391_image.png,./dataset/trainstemlabel/391_image.png
./dataset/train/41_image.jpg,./dataset/trainseglabel/41_image.png,./dataset/trainstemlabel/41_image.png
./dataset/train/51_image.jpg,./dataset/trainseglabel/51_image.png,./dataset/trainstemlabel/51_image.png
./dataset/train/61_image.jpg,./dataset/trainseglabel/61_image.png,./dataset/trainstemlabel/61_image.png
./dataset/train/71_image.jpg,./dataset/trainseglabel/71_image.png,./dataset/trainstemlabel/71_image.png
./dataset/train/81_image.jpg,./dataset/trainseglabel/81_image.png,./dataset/trainstemlabel/81_image.png
./dataset/train/91_image.jpg,./dataset/trainseglabel/91_image.png,./dataset/trainstemlabel/91_image.png
./dataset/train/102_image.jpg,./dataset/trainseglabel/102_image.png,./dataset/trainstemlabel/102_image.png
./dataset/train/112_image.jpg,./dataset/trainseglabel/112_image.png,./dataset/trainstemlabel/112_image.png
./dataset/train/122_image.jpg,./dataset/trainseglabel/122_image.png,./dataset/trainstemlabel/122_image.png
./dataset/train/12_image.jpg,./dataset/trainseglabel/12_image.png,./dataset/trainstemlabel/12_image.png
./dataset/train/132_image.jpg,./dataset/trainseglabel/132_image.png,./dataset/trainstemlabel/132_image.png
./dataset/train/142_image.jpg,./dataset/trainseglabel/142_image.png,./dataset/trainstemlabel/142_image.png
./dataset/train/152_image.jpg,./dataset/trainseglabel/152_image.png,./dataset/trainstemlabel/152_image.png
./dataset/train/162_image.jpg,./dataset/trainseglabel/162_image.png,./dataset/trainstemlabel/162_image.png
./dataset/train/172_image.jpg,./dataset/trainseglabel/172_image.png,./dataset/trainstemlabel/172_image.png
./dataset/train/182_image.jpg,./dataset/trainseglabel/182_image.png,./dataset/trainstemlabel/182_image.png
./dataset/train/192_image.jpg,./dataset/trainseglabel/192_image.png,./dataset/trainstemlabel/192_image.png
./dataset/train/202_image.jpg,./dataset/trainseglabel/202_image.png,./dataset/trainstemlabel/202_image.png
./dataset/train/212_image.jpg,./dataset/trainseglabel/212_image.png,./dataset/trainstemlabel/212_image.png
./dataset/train/222_image.jpg,./dataset/trainseglabel/222_image.png,./dataset/trainstemlabel/222_image.png
./dataset/train/22_image.jpg,./dataset/trainseglabel/22_image.png,./dataset/trainstemlabel/22_image.png
./dataset/train/232_image.jpg,./dataset/trainseglabel/232_image.png,./dataset/trainstemlabel/232_image.png
./dataset/train/242_image.jpg,./dataset/trainseglabel/242_image.png,./dataset/trainstemlabel/242_image.png
./dataset/train/252_image.jpg,./dataset/trainseglabel/252_image.png,./dataset/trainstemlabel/252_image.png
./dataset/train/262_image.jpg,./dataset/trainseglabel/262_image.png,./dataset/trainstemlabel/262_image.png
./dataset/train/272_image.jpg,./dataset/trainseglabel/272_image.png,./dataset/trainstemlabel/272_image.png
./dataset/train/282_image.jpg,./dataset/trainseglabel/282_image.png,./dataset/trainstemlabel/282_image.png
./dataset/train/292_image.jpg,./dataset/trainseglabel/292_image.png,./dataset/trainstemlabel/292_image.png
./dataset/train/2_image.jpg,./dataset/trainseglabel/2_image.png,./dataset/trainstemlabel/2_image.png
./dataset/train/302_image.jpg,./dataset/trainseglabel/302_image.png,./dataset/trainstemlabel/302_image.png
./dataset/train/312_image.jpg,./dataset/trainseglabel/312_image.png,./dataset/trainstemlabel/312_image.png
./dataset/train/322_image.jpg,./dataset/trainseglabel/322_image.png,./dataset/trainstemlabel/322_image.png
./dataset/train/32_image.jpg,./dataset/trainseglabel/32_image.png,./dataset/trainstemlabel/32_image.png
./dataset/train/332_image.jpg,./dataset/trainseglabel/332_image.png,./dataset/trainstemlabel/332_image.png
./dataset/train/342_image.jpg,./dataset/trainseglabel/342_image.png,./dataset/trainstemlabel/342_image.png
./dataset/train/352_image.jpg,./dataset/trainseglabel/352_image.png,./dataset/trainstemlabel/352_image.png
./dataset/train/362_image.jpg,./dataset/trainseglabel/362_image.png,./dataset/trainstemlabel/362_image.png
./dataset/train/372_image.jpg,./dataset/trainseglabel/372_image.png,./dataset/trainstemlabel/372_image.png
./dataset/train/382_image.jpg,./dataset/trainseglabel/382_image.png,./dataset/trainstemlabel/382_image.png
./dataset/train/392_image.jpg,./dataset/trainseglabel/392_image.png,./dataset/trainstemlabel/392_image.png
./dataset/train/42_image.jpg,./dataset/trainseglabel/42_image.png,./dataset/trainstemlabel/42_image.png
./dataset/train/52_image.jpg,./dataset/trainseglabel/52_image.png,./dataset/trainstemlabel/52_image.png
./dataset/train/62_image.jpg,./dataset/trainseglabel/62_image.png,./dataset/trainstemlabel/62_image.png
./dataset/train/72_image.jpg,./dataset/trainseglabel/72_image.png,./dataset/trainstemlabel/72_image.png
./dataset/train/82_image.jpg,./dataset/trainseglabel/82_image.png,./dataset/trainstemlabel/82_image.png
./dataset/train/92_image.jpg,./dataset/trainseglabel/92_image.png,./dataset/trainstemlabel/92_image.png
./dataset/train/103_image.jpg,./dataset/trainseglabel/103_image.png,./dataset/trainstemlabel/103_image.png
./dataset/train/113_image.jpg,./dataset/trainseglabel/113_image.png,./dataset/trainstemlabel/113_image.png
./dataset/train/123_image.jpg,./dataset/trainseglabel/123_image.png,./dataset/trainstemlabel/123_image.png
./dataset/train/133_image.jpg,./dataset/trainseglabel/133_image.png,./dataset/trainstemlabel/133_image.png
./dataset/train/13_image.jpg,./dataset/trainseglabel/13_image.png,./dataset/trainstemlabel/13_image.png
./dataset/train/143_image.jpg,./dataset/trainseglabel/143_image.png,./dataset/trainstemlabel/143_image.png
./dataset/train/153_image.jpg,./dataset/trainseglabel/153_image.png,./dataset/trainstemlabel/153_image.png
./dataset/train/163_image.jpg,./dataset/trainseglabel/163_image.png,./dataset/trainstemlabel/163_image.png
./dataset/train/173_image.jpg,./dataset/trainseglabel/173_image.png,./dataset/trainstemlabel/173_image.png
./dataset/train/183_image.jpg,./dataset/trainseglabel/183_image.png,./dataset/trainstemlabel/183_image.png
./dataset/train/193_image.jpg,./dataset/trainseglabel/193_image.png,./dataset/trainstemlabel/193_image.png
./dataset/train/203_image.jpg,./dataset/trainseglabel/203_image.png,./dataset/trainstemlabel/203_image.png
./dataset/train/213_image.jpg,./dataset/trainseglabel/213_image.png,./dataset/trainstemlabel/213_image.png
./dataset/train/223_image.jpg,./dataset/trainseglabel/223_image.png,./dataset/trainstemlabel/223_image.png
./dataset/train/233_image.jpg,./dataset/trainseglabel/233_image.png,./dataset/trainstemlabel/233_image.png
./dataset/train/23_image.jpg,./dataset/trainseglabel/23_image.png,./dataset/trainstemlabel/23_image.png
./dataset/train/243_image.jpg,./dataset/trainseglabel/243_image.png,./dataset/trainstemlabel/243_image.png
./dataset/train/253_image.jpg,./dataset/trainseglabel/253_image.png,./dataset/trainstemlabel/253_image.png
./dataset/train/263_image.jpg,./dataset/trainseglabel/263_image.png,./dataset/trainstemlabel/263_image.png
./dataset/train/273_image.jpg,./dataset/trainseglabel/273_image.png,./dataset/trainstemlabel/273_image.png
./dataset/train/283_image.jpg,./dataset/trainseglabel/283_image.png,./dataset/trainstemlabel/283_image.png
./dataset/train/293_image.jpg,./dataset/trainseglabel/293_image.png,./dataset/trainstemlabel/293_image.png
./dataset/train/303_image.jpg,./dataset/trainseglabel/303_image.png,./dataset/trainstemlabel/303_image.png
./dataset/train/313_image.jpg,./dataset/trainseglabel/313_image.png,./dataset/trainstemlabel/313_image.png
./dataset/train/323_image.jpg,./dataset/trainseglabel/323_image.png,./dataset/trainstemlabel/323_image.png
./dataset/train/333_image.jpg,./dataset/trainseglabel/333_image.png,./dataset/trainstemlabel/333_image.png
./dataset/train/33_image.jpg,./dataset/trainseglabel/33_image.png,./dataset/trainstemlabel/33_image.png
./dataset/train/343_image.jpg,./dataset/trainseglabel/343_image.png,./dataset/trainstemlabel/343_image.png
./dataset/train/353_image.jpg,./dataset/trainseglabel/353_image.png,./dataset/trainstemlabel/353_image.png
./dataset/train/363_image.jpg,./dataset/trainseglabel/363_image.png,./dataset/trainstemlabel/363_image.png
./dataset/train/373_image.jpg,./dataset/trainseglabel/373_image.png,./dataset/trainstemlabel/373_image.png
./dataset/train/383_image.jpg,./dataset/trainseglabel/383_image.png,./dataset/trainstemlabel/383_image.png
./dataset/train/393_image.jpg,./dataset/trainseglabel/393_image.png,./dataset/trainstemlabel/393_image.png
./dataset/train/3_image.jpg,./dataset/trainseglabel/3_image.png,./dataset/trainstemlabel/3_image.png
./dataset/train/43_image.jpg,./dataset/trainseglabel/43_image.png,./dataset/trainstemlabel/43_image.png
./dataset/train/53_image.jpg,./dataset/trainseglabel/53_image.png,./dataset/trainstemlabel/53_image.png
./dataset/train/63_image.jpg,./dataset/trainseglabel/63_image.png,./dataset/trainstemlabel/63_image.png
./dataset/train/73_image.jpg,./dataset/trainseglabel/73_image.png,./dataset/trainstemlabel/73_image.png
./dataset/train/83_image.jpg,./dataset/trainseglabel/83_image.png,./dataset/trainstemlabel/83_image.png
./dataset/train/93_image.jpg,./dataset/trainseglabel/93_image.png,./dataset/trainstemlabel/93_image.png
./dataset/train/104_image.jpg,./dataset/trainseglabel/104_image.png,./dataset/trainstemlabel/104_image.png
./dataset/train/114_image.jpg,./dataset/trainseglabel/114_image.png,./dataset/trainstemlabel/114_image.png
./dataset/train/124_image.jpg,./dataset/trainseglabel/124_image.png,./dataset/trainstemlabel/124_image.png
./dataset/train/134_image.jpg,./dataset/trainseglabel/134_image.png,./dataset/trainstemlabel/134_image.png
./dataset/train/144_image.jpg,./dataset/trainseglabel/144_image.png,./dataset/trainstemlabel/144_image.png
./dataset/train/14_image.jpg,./dataset/trainseglabel/14_image.png,./dataset/trainstemlabel/14_image.png
./dataset/train/154_image.jpg,./dataset/trainseglabel/154_image.png,./dataset/trainstemlabel/154_image.png
./dataset/train/164_image.jpg,./dataset/trainseglabel/164_image.png,./dataset/trainstemlabel/164_image.png
./dataset/train/174_image.jpg,./dataset/trainseglabel/174_image.png,./dataset/trainstemlabel/174_image.png
./dataset/train/184_image.jpg,./dataset/trainseglabel/184_image.png,./dataset/trainstemlabel/184_image.png
./dataset/train/194_image.jpg,./dataset/trainseglabel/194_image.png,./dataset/trainstemlabel/194_image.png
./dataset/train/204_image.jpg,./dataset/trainseglabel/204_image.png,./dataset/trainstemlabel/204_image.png
./dataset/train/214_image.jpg,./dataset/trainseglabel/214_image.png,./dataset/trainstemlabel/214_image.png
./dataset/train/224_image.jpg,./dataset/trainseglabel/224_image.png,./dataset/trainstemlabel/224_image.png
./dataset/train/234_image.jpg,./dataset/trainseglabel/234_image.png,./dataset/trainstemlabel/234_image.png
./dataset/train/244_image.jpg,./dataset/trainseglabel/244_image.png,./dataset/trainstemlabel/244_image.png
./dataset/train/24_image.jpg,./dataset/trainseglabel/24_image.png,./dataset/trainstemlabel/24_image.png
./dataset/train/254_image.jpg,./dataset/trainseglabel/254_image.png,./dataset/trainstemlabel/254_image.png
./dataset/train/264_image.jpg,./dataset/trainseglabel/264_image.png,./dataset/trainstemlabel/264_image.png
./dataset/train/274_image.jpg,./dataset/trainseglabel/274_image.png,./dataset/trainstemlabel/274_image.png
./dataset/train/284_image.jpg,./dataset/trainseglabel/284_image.png,./dataset/trainstemlabel/284_image.png
./dataset/train/294_image.jpg,./dataset/trainseglabel/294_image.png,./dataset/trainstemlabel/294_image.png
./dataset/train/304_image.jpg,./dataset/trainseglabel/304_image.png,./dataset/trainstemlabel/304_image.png
./dataset/train/314_image.jpg,./dataset/trainseglabel/314_image.png,./dataset/trainstemlabel/314_image.png
./dataset/train/324_image.jpg,./dataset/trainseglabel/324_image.png,./dataset/trainstemlabel/324_image.png
./dataset/train/334_image.jpg,./dataset/trainseglabel/334_image.png,./dataset/trainstemlabel/334_image.png
./dataset/train/344_image.jpg,./dataset/trainseglabel/344_image.png,./dataset/trainstemlabel/344_image.png
./dataset/train/34_image.jpg,./dataset/trainseglabel/34_image.png,./dataset/trainstemlabel/34_image.png
./dataset/train/354_image.jpg,./dataset/trainseglabel/354_image.png,./dataset/trainstemlabel/354_image.png
./dataset/train/364_image.jpg,./dataset/trainseglabel/364_image.png,./dataset/trainstemlabel/364_image.png
./dataset/train/374_image.jpg,./dataset/trainseglabel/374_image.png,./dataset/trainstemlabel/374_image.png
./dataset/train/384_image.jpg,./dataset/trainseglabel/384_image.png,./dataset/trainstemlabel/384_image.png
./dataset/train/394_image.jpg,./dataset/trainseglabel/394_image.png,./dataset/trainstemlabel/394_image.png
./dataset/train/44_image.jpg,./dataset/trainseglabel/44_image.png,./dataset/trainstemlabel/44_image.png
./dataset/train/4_image.jpg,./dataset/trainseglabel/4_image.png,./dataset/trainstemlabel/4_image.png
./dataset/train/54_image.jpg,./dataset/trainseglabel/54_image.png,./dataset/trainstemlabel/54_image.png
./dataset/train/64_image.jpg,./dataset/trainseglabel/64_image.png,./dataset/trainstemlabel/64_image.png
./dataset/train/74_image.jpg,./dataset/trainseglabel/74_image.png,./dataset/trainstemlabel/74_image.png
./dataset/train/84_image.jpg,./dataset/trainseglabel/84_image.png,./dataset/trainstemlabel/84_image.png
./dataset/train/94_image.jpg,./dataset/trainseglabel/94_image.png,./dataset/trainstemlabel/94_image.png
./dataset/train/105_image.jpg,./dataset/trainseglabel/105_image.png,./dataset/trainstemlabel/105_image.png
./dataset/train/115_image.jpg,./dataset/trainseglabel/115_image.png,./dataset/trainstemlabel/115_image.png
./dataset/train/125_image.jpg,./dataset/trainseglabel/125_image.png,./dataset/trainstemlabel/125_image.png
./dataset/train/135_image.jpg,./dataset/trainseglabel/135_image.png,./dataset/trainstemlabel/135_image.png
./dataset/train/145_image.jpg,./dataset/trainseglabel/145_image.png,./dataset/trainstemlabel/145_image.png
./dataset/train/155_image.jpg,./dataset/trainseglabel/155_image.png,./dataset/trainstemlabel/155_image.png
./dataset/train/15_image.jpg,./dataset/trainseglabel/15_image.png,./dataset/trainstemlabel/15_image.png
./dataset/train/165_image.jpg,./dataset/trainseglabel/165_image.png,./dataset/trainstemlabel/165_image.png
./dataset/train/175_image.jpg,./dataset/trainseglabel/175_image.png,./dataset/trainstemlabel/175_image.png
./dataset/train/185_image.jpg,./dataset/trainseglabel/185_image.png,./dataset/trainstemlabel/185_image.png
./dataset/train/195_image.jpg,./dataset/trainseglabel/195_image.png,./dataset/trainstemlabel/195_image.png
./dataset/train/205_image.jpg,./dataset/trainseglabel/205_image.png,./dataset/trainstemlabel/205_image.png
./dataset/train/215_image.jpg,./dataset/trainseglabel/215_image.png,./dataset/trainstemlabel/215_image.png
./dataset/train/225_image.jpg,./dataset/trainseglabel/225_image.png,./dataset/trainstemlabel/225_image.png
./dataset/train/235_image.jpg,./dataset/trainseglabel/235_image.png,./dataset/trainstemlabel/235_image.png
./dataset/train/245_image.jpg,./dataset/trainseglabel/245_image.png,./dataset/trainstemlabel/245_image.png
./dataset/train/255_image.jpg,./dataset/trainseglabel/255_image.png,./dataset/trainstemlabel/255_image.png
./dataset/train/25_image.jpg,./dataset/trainseglabel/25_image.png,./dataset/trainstemlabel/25_image.png
./dataset/train/265_image.jpg,./dataset/trainseglabel/265_image.png,./dataset/trainstemlabel/265_image.png
./dataset/train/275_image.jpg,./dataset/trainseglabel/275_image.png,./dataset/trainstemlabel/275_image.png
./dataset/train/285_image.jpg,./dataset/trainseglabel/285_image.png,./dataset/trainstemlabel/285_image.png
./dataset/train/295_image.jpg,./dataset/trainseglabel/295_image.png,./dataset/trainstemlabel/295_image.png
./dataset/train/305_image.jpg,./dataset/trainseglabel/305_image.png,./dataset/trainstemlabel/305_image.png
./dataset/train/315_image.jpg,./dataset/trainseglabel/315_image.png,./dataset/trainstemlabel/315_image.png
./dataset/train/325_image.jpg,./dataset/trainseglabel/325_image.png,./dataset/trainstemlabel/325_image.png
./dataset/train/335_image.jpg,./dataset/trainseglabel/335_image.png,./dataset/trainstemlabel/335_image.png
./dataset/train/345_image.jpg,./dataset/trainseglabel/345_image.png,./dataset/trainstemlabel/345_image.png
./dataset/train/355_image.jpg,./dataset/trainseglabel/355_image.png,./dataset/trainstemlabel/355_image.png
./dataset/train/35_image.jpg,./dataset/trainseglabel/35_image.png,./dataset/trainstemlabel/35_image.png
./dataset/train/365_image.jpg,./dataset/trainseglabel/365_image.png,./dataset/trainstemlabel/365_image.png
./dataset/train/375_image.jpg,./dataset/trainseglabel/375_image.png,./dataset/trainstemlabel/375_image.png
./dataset/train/385_image.jpg,./dataset/trainseglabel/385_image.png,./dataset/trainstemlabel/385_image.png
./dataset/train/395_image.jpg,./dataset/trainseglabel/395_image.png,./dataset/trainstemlabel/395_image.png
./dataset/train/45_image.jpg,./dataset/trainseglabel/45_image.png,./dataset/trainstemlabel/45_image.png
./dataset/train/55_image.jpg,./dataset/trainseglabel/55_image.png,./dataset/trainstemlabel/55_image.png
./dataset/train/5_image.jpg,./dataset/trainseglabel/5_image.png,./dataset/trainstemlabel/5_image.png
./dataset/train/65_image.jpg,./dataset/trainseglabel/65_image.png,./dataset/trainstemlabel/65_image.png
./dataset/train/75_image.jpg,./dataset/trainseglabel/75_image.png,./dataset/trainstemlabel/75_image.png
./dataset/train/85_image.jpg,./dataset/trainseglabel/85_image.png,./dataset/trainstemlabel/85_image.png
./dataset/train/95_image.jpg,./dataset/trainseglabel/95_image.png,./dataset/trainstemlabel/95_image.png
./dataset/train/106_image.jpg,./dataset/trainseglabel/106_image.png,./dataset/trainstemlabel/106_image.png
./dataset/train/116_image.jpg,./dataset/trainseglabel/116_image.png,./dataset/trainstemlabel/116_image.png
./dataset/train/126_image.jpg,./dataset/trainseglabel/126_image.png,./dataset/trainstemlabel/126_image.png
./dataset/train/136_image.jpg,./dataset/trainseglabel/136_image.png,./dataset/trainstemlabel/136_image.png
./dataset/train/146_image.jpg,./dataset/trainseglabel/146_image.png,./dataset/trainstemlabel/146_image.png
./dataset/train/156_image.jpg,./dataset/trainseglabel/156_image.png,./dataset/trainstemlabel/156_image.png
./dataset/train/166_image.jpg,./dataset/trainseglabel/166_image.png,./dataset/trainstemlabel/166_image.png
./dataset/train/16_image.jpg,./dataset/trainseglabel/16_image.png,./dataset/trainstemlabel/16_image.png
./dataset/train/176_image.jpg,./dataset/trainseglabel/176_image.png,./dataset/trainstemlabel/176_image.png
./dataset/train/186_image.jpg,./dataset/trainseglabel/186_image.png,./dataset/trainstemlabel/186_image.png
./dataset/train/196_image.jpg,./dataset/trainseglabel/196_image.png,./dataset/trainstemlabel/196_image.png
./dataset/train/206_image.jpg,./dataset/trainseglabel/206_image.png,./dataset/trainstemlabel/206_image.png
./dataset/train/216_image.jpg,./dataset/trainseglabel/216_image.png,./dataset/trainstemlabel/216_image.png
./dataset/train/226_image.jpg,./dataset/trainseglabel/226_image.png,./dataset/trainstemlabel/226_image.png
./dataset/train/236_image.jpg,./dataset/trainseglabel/236_image.png,./dataset/trainstemlabel/236_image.png
./dataset/train/246_image.jpg,./dataset/trainseglabel/246_image.png,./dataset/trainstemlabel/246_image.png
./dataset/train/256_image.jpg,./dataset/trainseglabel/256_image.png,./dataset/trainstemlabel/256_image.png
./dataset/train/266_image.jpg,./dataset/trainseglabel/266_image.png,./dataset/trainstemlabel/266_image.png
./dataset/train/26_image.jpg,./dataset/trainseglabel/26_image.png,./dataset/trainstemlabel/26_image.png
./dataset/train/276_image.jpg,./dataset/trainseglabel/276_image.png,./dataset/trainstemlabel/276_image.png
./dataset/train/286_image.jpg,./dataset/trainseglabel/286_image.png,./dataset/trainstemlabel/286_image.png
./dataset/train/296_image.jpg,./dataset/trainseglabel/296_image.png,./dataset/trainstemlabel/296_image.png
./dataset/train/306_image.jpg,./dataset/trainseglabel/306_image.png,./dataset/trainstemlabel/306_image.png
./dataset/train/316_image.jpg,./dataset/trainseglabel/316_image.png,./dataset/trainstemlabel/316_image.png
./dataset/train/326_image.jpg,./dataset/trainseglabel/326_image.png,./dataset/trainstemlabel/326_image.png
./dataset/train/336_image.jpg,./dataset/trainseglabel/336_image.png,./dataset/trainstemlabel/336_image.png
./dataset/train/346_image.jpg,./dataset/trainseglabel/346_image.png,./dataset/trainstemlabel/346_image.png
./dataset/train/356_image.jpg,./dataset/trainseglabel/356_image.png,./dataset/trainstemlabel/356_image.png
./dataset/train/366_image.jpg,./dataset/trainseglabel/366_image.png,./dataset/trainstemlabel/366_image.png
./dataset/train/36_image.jpg,./dataset/trainseglabel/36_image.png,./dataset/trainstemlabel/36_image.png
./dataset/train/376_image.jpg,./dataset/trainseglabel/376_image.png,./dataset/trainstemlabel/376_image.png
./dataset/train/386_image.jpg,./dataset/trainseglabel/386_image.png,./dataset/trainstemlabel/386_image.png
./dataset/train/396_image.jpg,./dataset/trainseglabel/396_image.png,./dataset/trainstemlabel/396_image.png
./dataset/train/46_image.jpg,./dataset/trainseglabel/46_image.png,./dataset/trainstemlabel/46_image.png
./dataset/train/56_image.jpg,./dataset/trainseglabel/56_image.png,./dataset/trainstemlabel/56_image.png
./dataset/train/66_image.jpg,./dataset/trainseglabel/66_image.png,./dataset/trainstemlabel/66_image.png
./dataset/train/6_image.jpg,./dataset/trainseglabel/6_image.png,./dataset/trainstemlabel/6_image.png
./dataset/train/76_image.jpg,./dataset/trainseglabel/76_image.png,./dataset/trainstemlabel/76_image.png
./dataset/train/86_image.jpg,./dataset/trainseglabel/86_image.png,./dataset/trainstemlabel/86_image.png
./dataset/train/96_image.jpg,./dataset/trainseglabel/96_image.png,./dataset/trainstemlabel/96_image.png
./dataset/train/107_image.jpg,./dataset/trainseglabel/107_image.png,./dataset/trainstemlabel/107_image.png
./dataset/train/117_image.jpg,./dataset/trainseglabel/117_image.png,./dataset/trainstemlabel/117_image.png
./dataset/train/127_image.jpg,./dataset/trainseglabel/127_image.png,./dataset/trainstemlabel/127_image.png
./dataset/train/137_image.jpg,./dataset/trainseglabel/137_image.png,./dataset/trainstemlabel/137_image.png
./dataset/train/147_image.jpg,./dataset/trainseglabel/147_image.png,./dataset/trainstemlabel/147_image.png
./dataset/train/157_image.jpg,./dataset/trainseglabel/157_image.png,./dataset/trainstemlabel/157_image.png
./dataset/train/167_image.jpg,./dataset/trainseglabel/167_image.png,./dataset/trainstemlabel/167_image.png
./dataset/train/177_image.jpg,./dataset/trainseglabel/177_image.png,./dataset/trainstemlabel/177_image.png
./dataset/train/17_image.jpg,./dataset/trainseglabel/17_image.png,./dataset/trainstemlabel/17_image.png
./dataset/train/187_image.jpg,./dataset/trainseglabel/187_image.png,./dataset/trainstemlabel/187_image.png
./dataset/train/197_image.jpg,./dataset/trainseglabel/197_image.png,./dataset/trainstemlabel/197_image.png
./dataset/train/207_image.jpg,./dataset/trainseglabel/207_image.png,./dataset/trainstemlabel/207_image.png
./dataset/train/217_image.jpg,./dataset/trainseglabel/217_image.png,./dataset/trainstemlabel/217_image.png
./dataset/train/227_image.jpg,./dataset/trainseglabel/227_image.png,./dataset/trainstemlabel/227_image.png
./dataset/train/237_image.jpg,./dataset/trainseglabel/237_image.png,./dataset/trainstemlabel/237_image.png
./dataset/train/247_image.jpg,./dataset/trainseglabel/247_image.png,./dataset/trainstemlabel/247_image.png
./dataset/train/257_image.jpg,./dataset/trainseglabel/257_image.png,./dataset/trainstemlabel/257_image.png
./dataset/train/267_image.jpg,./dataset/trainseglabel/267_image.png,./dataset/trainstemlabel/267_image.png
./dataset/train/277_image.jpg,./dataset/trainseglabel/277_image.png,./dataset/trainstemlabel/277_image.png
./dataset/train/27_image.jpg,./dataset/trainseglabel/27_image.png,./dataset/trainstemlabel/27_image.png
./dataset/train/287_image.jpg,./dataset/trainseglabel/287_image.png,./dataset/trainstemlabel/287_image.png
./dataset/train/297_image.jpg,./dataset/trainseglabel/297_image.png,./dataset/trainstemlabel/297_image.png
./dataset/train/307_image.jpg,./dataset/trainseglabel/307_image.png,./dataset/trainstemlabel/307_image.png
./dataset/train/317_image.jpg,./dataset/trainseglabel/317_image.png,./dataset/trainstemlabel/317_image.png
./dataset/train/327_image.jpg,./dataset/trainseglabel/327_image.png,./dataset/trainstemlabel/327_image.png
./dataset/train/337_image.jpg,./dataset/trainseglabel/337_image.png,./dataset/trainstemlabel/337_image.png
./dataset/train/347_image.jpg,./dataset/trainseglabel/347_image.png,./dataset/trainstemlabel/347_image.png
./dataset/train/357_image.jpg,./dataset/trainseglabel/357_image.png,./dataset/trainstemlabel/357_image.png
./dataset/train/367_image.jpg,./dataset/trainseglabel/367_image.png,./dataset/trainstemlabel/367_image.png
./dataset/train/377_image.jpg,./dataset/trainseglabel/377_image.png,./dataset/trainstemlabel/377_image.png
./dataset/train/37_image.jpg,./dataset/trainseglabel/37_image.png,./dataset/trainstemlabel/37_image.png
./dataset/train/387_image.jpg,./dataset/trainseglabel/387_image.png,./dataset/trainstemlabel/387_image.png
./dataset/train/397_image.jpg,./dataset/trainseglabel/397_image.png,./dataset/trainstemlabel/397_image.png
./dataset/train/47_image.jpg,./dataset/trainseglabel/47_image.png,./dataset/trainstemlabel/47_image.png
./dataset/train/57_image.jpg,./dataset/trainseglabel/57_image.png,./dataset/trainstemlabel/57_image.png
./dataset/train/67_image.jpg,./dataset/trainseglabel/67_image.png,./dataset/trainstemlabel/67_image.png
./dataset/train/77_image.jpg,./dataset/trainseglabel/77_image.png,./dataset/trainstemlabel/77_image.png
./dataset/train/7_image.jpg,./dataset/trainseglabel/7_image.png,./dataset/trainstemlabel/7_image.png
./dataset/train/87_image.jpg,./dataset/trainseglabel/87_image.png,./dataset/trainstemlabel/87_image.png
./dataset/train/97_image.jpg,./dataset/trainseglabel/97_image.png,./dataset/trainstemlabel/97_image.png
./dataset/train/108_image.jpg,./dataset/trainseglabel/108_image.png,./dataset/trainstemlabel/108_image.png
./dataset/train/118_image.jpg,./dataset/trainseglabel/118_image.png,./dataset/trainstemlabel/118_image.png
./dataset/train/128_image.jpg,./dataset/trainseglabel/128_image.png,./dataset/trainstemlabel/128_image.png
./dataset/train/138_image.jpg,./dataset/trainseglabel/138_image.png,./dataset/trainstemlabel/138_image.png
./dataset/train/148_image.jpg,./dataset/trainseglabel/148_image.png,./dataset/trainstemlabel/148_image.png
./dataset/train/158_image.jpg,./dataset/trainseglabel/158_image.png,./dataset/trainstemlabel/158_image.png
./dataset/train/168_image.jpg,./dataset/trainseglabel/168_image.png,./dataset/trainstemlabel/168_image.png
./dataset/train/178_image.jpg,./dataset/trainseglabel/178_image.png,./dataset/trainstemlabel/178_image.png
./dataset/train/188_image.jpg,./dataset/trainseglabel/188_image.png,./dataset/trainstemlabel/188_image.png
./dataset/train/18_image.jpg,./dataset/trainseglabel/18_image.png,./dataset/trainstemlabel/18_image.png
./dataset/train/198_image.jpg,./dataset/trainseglabel/198_image.png,./dataset/trainstemlabel/198_image.png
./dataset/train/208_image.jpg,./dataset/trainseglabel/208_image.png,./dataset/trainstemlabel/208_image.png
./dataset/train/218_image.jpg,./dataset/trainseglabel/218_image.png,./dataset/trainstemlabel/218_image.png
./dataset/train/228_image.jpg,./dataset/trainseglabel/228_image.png,./dataset/trainstemlabel/228_image.png
./dataset/train/238_image.jpg,./dataset/trainseglabel/238_image.png,./dataset/trainstemlabel/238_image.png
./dataset/train/248_image.jpg,./dataset/trainseglabel/248_image.png,./dataset/trainstemlabel/248_image.png
./dataset/train/258_image.jpg,./dataset/trainseglabel/258_image.png,./dataset/trainstemlabel/258_image.png
./dataset/train/268_image.jpg,./dataset/trainseglabel/268_image.png,./dataset/trainstemlabel/268_image.png
./dataset/train/278_image.jpg,./dataset/trainseglabel/278_image.png,./dataset/trainstemlabel/278_image.png
./dataset/train/288_image.jpg,./dataset/trainseglabel/288_image.png,./dataset/trainstemlabel/288_image.png
./dataset/train/28_image.jpg,./dataset/trainseglabel/28_image.png,./dataset/trainstemlabel/28_image.png
./dataset/train/298_image.jpg,./dataset/trainseglabel/298_image.png,./dataset/trainstemlabel/298_image.png
./dataset/train/308_image.jpg,./dataset/trainseglabel/308_image.png,./dataset/trainstemlabel/308_image.png
./dataset/train/318_image.jpg,./dataset/trainseglabel/318_image.png,./dataset/trainstemlabel/318_image.png
./dataset/train/328_image.jpg,./dataset/trainseglabel/328_image.png,./dataset/trainstemlabel/328_image.png
./dataset/train/338_image.jpg,./dataset/trainseglabel/338_image.png,./dataset/trainstemlabel/338_image.png
./dataset/train/348_image.jpg,./dataset/trainseglabel/348_image.png,./dataset/trainstemlabel/348_image.png
./dataset/train/358_image.jpg,./dataset/trainseglabel/358_image.png,./dataset/trainstemlabel/358_image.png
./dataset/train/368_image.jpg,./dataset/trainseglabel/368_image.png,./dataset/trainstemlabel/368_image.png
./dataset/train/378_image.jpg,./dataset/trainseglabel/378_image.png,./dataset/trainstemlabel/378_image.png
./dataset/train/388_image.jpg,./dataset/trainseglabel/388_image.png,./dataset/trainstemlabel/388_image.png
./dataset/train/38_image.jpg,./dataset/trainseglabel/38_image.png,./dataset/trainstemlabel/38_image.png
./dataset/train/398_image.jpg,./dataset/trainseglabel/398_image.png,./dataset/trainstemlabel/398_image.png
./dataset/train/48_image.jpg,./dataset/trainseglabel/48_image.png,./dataset/trainstemlabel/48_image.png
./dataset/train/58_image.jpg,./dataset/trainseglabel/58_image.png,./dataset/trainstemlabel/58_image.png
./dataset/train/68_image.jpg,./dataset/trainseglabel/68_image.png,./dataset/trainstemlabel/68_image.png
./dataset/train/78_image.jpg,./dataset/trainseglabel/78_image.png,./dataset/trainstemlabel/78_image.png
./dataset/train/88_image.jpg,./dataset/trainseglabel/88_image.png,./dataset/trainstemlabel/88_image.png
./dataset/train/8_image.jpg,./dataset/trainseglabel/8_image.png,./dataset/trainstemlabel/8_image.png
./dataset/train/98_image.jpg,./dataset/trainseglabel/98_image.png,./dataset/trainstemlabel/98_image.png
./dataset/train/109_image.jpg,./dataset/trainseglabel/109_image.png,./dataset/trainstemlabel/109_image.png
./dataset/train/119_image.jpg,./dataset/trainseglabel/119_image.png,./dataset/trainstemlabel/119_image.png
./dataset/train/129_image.jpg,./dataset/trainseglabel/129_image.png,./dataset/trainstemlabel/129_image.png
./dataset/train/139_image.jpg,./dataset/trainseglabel/139_image.png,./dataset/trainstemlabel/139_image.png
./dataset/train/149_image.jpg,./dataset/trainseglabel/149_image.png,./dataset/trainstemlabel/149_image.png
./dataset/train/159_image.jpg,./dataset/trainseglabel/159_image.png,./dataset/trainstemlabel/159_image.png
./dataset/train/169_image.jpg,./dataset/trainseglabel/169_image.png,./dataset/trainstemlabel/169_image.png
./dataset/train/179_image.jpg,./dataset/trainseglabel/179_image.png,./dataset/trainstemlabel/179_image.png
./dataset/train/189_image.jpg,./dataset/trainseglabel/189_image.png,./dataset/trainstemlabel/189_image.png
./dataset/train/199_image.jpg,./dataset/trainseglabel/199_image.png,./dataset/trainstemlabel/199_image.png
./dataset/train/19_image.jpg,./dataset/trainseglabel/19_image.png,./dataset/trainstemlabel/19_image.png
./dataset/train/209_image.jpg,./dataset/trainseglabel/209_image.png,./dataset/trainstemlabel/209_image.png
./dataset/train/219_image.jpg,./dataset/trainseglabel/219_image.png,./dataset/trainstemlabel/219_image.png
./dataset/train/229_image.jpg,./dataset/trainseglabel/229_image.png,./dataset/trainstemlabel/229_image.png
./dataset/train/239_image.jpg,./dataset/trainseglabel/239_image.png,./dataset/trainstemlabel/239_image.png
./dataset/train/249_image.jpg,./dataset/trainseglabel/249_image.png,./dataset/trainstemlabel/249_image.png
./dataset/train/259_image.jpg,./dataset/trainseglabel/259_image.png,./dataset/trainstemlabel/259_image.png
./dataset/train/269_image.jpg,./dataset/trainseglabel/269_image.png,./dataset/trainstemlabel/269_image.png
./dataset/train/279_image.jpg,./dataset/trainseglabel/279_image.png,./dataset/trainstemlabel/279_image.png
./dataset/train/289_image.jpg,./dataset/trainseglabel/289_image.png,./dataset/trainstemlabel/289_image.png
./dataset/train/299_image.jpg,./dataset/trainseglabel/299_image.png,./dataset/trainstemlabel/299_image.png
./dataset/train/29_image.jpg,./dataset/trainseglabel/29_image.png,./dataset/trainstemlabel/29_image.png
./dataset/train/309_image.jpg,./dataset/trainseglabel/309_image.png,./dataset/trainstemlabel/309_image.png
./dataset/train/319_image.jpg,./dataset/trainseglabel/319_image.png,./dataset/trainstemlabel/319_image.png
./dataset/train/329_image.jpg,./dataset/trainseglabel/329_image.png,./dataset/trainstemlabel/329_image.png
./dataset/train/339_image.jpg,./dataset/trainseglabel/339_image.png,./dataset/trainstemlabel/339_image.png
./dataset/train/349_image.jpg,./dataset/trainseglabel/349_image.png,./dataset/trainstemlabel/349_image.png
./dataset/train/359_image.jpg,./dataset/trainseglabel/359_image.png,./dataset/trainstemlabel/359_image.png
./dataset/train/369_image.jpg,./dataset/trainseglabel/369_image.png,./dataset/trainstemlabel/369_image.png
./dataset/train/379_image.jpg,./dataset/trainseglabel/379_image.png,./dataset/trainstemlabel/379_image.png
./dataset/train/389_image.jpg,./dataset/trainseglabel/389_image.png,./dataset/trainstemlabel/389_image.png
./dataset/train/399_image.jpg,./dataset/trainseglabel/399_image.png,./dataset/trainstemlabel/399_image.png
./dataset/train/39_image.jpg,./dataset/trainseglabel/39_image.png,./dataset/trainstemlabel/39_image.png
./dataset/train/49_image.jpg,./dataset/trainseglabel/49_image.png,./dataset/trainstemlabel/49_image.png
./dataset/train/59_image.jpg,./dataset/trainseglabel/59_image.png,./dataset/trainstemlabel/59_image.png
./dataset/train/69_image.jpg,./dataset/trainseglabel/69_image.png,./dataset/trainstemlabel/69_image.png
./dataset/train/79_image.jpg,./dataset/trainseglabel/79_image.png,./dataset/trainstemlabel/79_image.png
./dataset/train/89_image.jpg,./dataset/trainseglabel/89_image.png,./dataset/trainstemlabel/89_image.png
./dataset/train/99_image.jpg,./dataset/trainseglabel/99_image.png,./dataset/trainstemlabel/99_image.png
./dataset/train/9_image.jpg,./dataset/trainseglabel/9_image.png,./dataset/trainstemlabel/9_image.png
